Day,Top 15 recommended stocks,,,,,,,,,,,,,,,,,,,,,,,,,,,,,,,,,,,,,,,,,,,,,,,,,,,,,,,,,,,,,,
Day 1,[56 10 22  7 58 53 54 42 66 55 15 23 61 38 19],,,,,,,,,,,,,,,,,,,,,,,,,,,,,,,,,,,,,,,,,,,,,,,,,,,,,,,,,,,,,,
Day 2,[27 56 58 53 37 10  7 20 23 54 11 15 42  0 22],,,,,,,,,,,,,,,,,,,,,,,,,,,,,,,,,,,,,,,,,,,,,,,,,,,,,,,,,,,,,,
Day 3,[17 27 42 37 20 11 46 23 28 10 58 67 63 22 45],,,,,,,,,,,,,,,,,,,,,,,,,,,,,,,,,,,,,,,,,,,,,,,,,,,,,,,,,,,,,,
Day 4,[35 12 28 11 27 17 22 29 42 37 20 49 45 63 67],,,,,,,,,,,,,,,,,,,,,,,,,,,,,,,,,,,,,,,,,,,,,,,,,,,,,,,,,,,,,,
Day 5,[56 53 23 54  0 66 55 58  7 10 42 71 60 36  3],,,,,,,,,,,,,,,,,,,,,,,,,,,,,,,,,,,,,,,,,,,,,,,,,,,,,,,,,,,,,,
Day 6,[35 46 37 27 12 28 10 17 63 49  7 42 65 67 22],,,,,,,,,,,,,,,,,,,,,,,,,,,,,,,,,,,,,,,,,,,,,,,,,,,,,,,,,,,,,,
Day 7,[ 7 56 23 34 46 53 37 11 12 26 54 17 63 67 38],,,,,,,,,,,,,,,,,,,,,,,,,,,,,,,,,,,,,,,,,,,,,,,,,,,,,,,,,,,,,,
Day 8,[56  7 53 55 54 42 71 66  0 23 29 60  3 30 33],,,,,,,,,,,,,,,,,,,,,,,,,,,,,,,,,,,,,,,,,,,,,,,,,,,,,,,,,,,,,,
Day 9,[56 42 53  7 54 23 17 60 58 66 29  0 63 67 25],,,,,,,,,,,,,,,,,,,,,,,,,,,,,,,,,,,,,,,,,,,,,,,,,,,,,,,,,,,,,,
Day 10,[56 42 53 59 54 39 58 10 55  7 60 33 66  0 18],,,,,,,,,,,,,,,,,,,,,,,,,,,,,,,,,,,,,,,,,,,,,,,,,,,,,,,,,,,,,,
Day 11,[42 56 38 53 54  0 23 60 27 63 24 67 30 15 33],,,,,,,,,,,,,,,,,,,,,,,,,,,,,,,,,,,,,,,,,,,,,,,,,,,,,,,,,,,,,,
Day 12,[42 56 23 29 53 33 54 55 71 30 63 66 51  1 46],,,,,,,,,,,,,,,,,,,,,,,,,,,,,,,,,,,,,,,,,,,,,,,,,,,,,,,,,,,,,,
Day 13,[42 31 46 45 23 13 35 49 67 33 38 63 22  8 11],,,,,,,,,,,,,,,,,,,,,,,,,,,,,,,,,,,,,,,,,,,,,,,,,,,,,,,,,,,,,,
Day 14,[42 45 33 29 27 46 64 51  5 17 22 14 56  8 35],,,,,,,,,,,,,,,,,,,,,,,,,,,,,,,,,,,,,,,,,,,,,,,,,,,,,,,,,,,,,,
Day 15,[14 42 17 29 28 46 22 33 32 45 49 35 13  5  8],,,,,,,,,,,,,,,,,,,,,,,,,,,,,,,,,,,,,,,,,,,,,,,,,,,,,,,,,,,,,,
Day 16,[45 17 13 42 22 32 46 23  8 56 65 33 29 67 49],,,,,,,,,,,,,,,,,,,,,,,,,,,,,,,,,,,,,,,,,,,,,,,,,,,,,,,,,,,,,,
Day 17,[56 26 27 59 23 39 42 33 63 17 66 45 10  1 60],,,,,,,,,,,,,,,,,,,,,,,,,,,,,,,,,,,,,,,,,,,,,,,,,,,,,,,,,,,,,,
Day 18,[29 27 42 22 23 58 12 17 63 33 32 56 13  8 31],,,,,,,,,,,,,,,,,,,,,,,,,,,,,,,,,,,,,,,,,,,,,,,,,,,,,,,,,,,,,,
Day 19,[56 16 10 39 29 23 58 53  7 55 42 26  1  3 63],,,,,,,,,,,,,,,,,,,,,,,,,,,,,,,,,,,,,,,,,,,,,,,,,,,,,,,,,,,,,,
Day 20,[29 27 46 17 34 38 31 13 42 49 62 67 23 37 22],,,,,,,,,,,,,,,,,,,,,,,,,,,,,,,,,,,,,,,,,,,,,,,,,,,,,,,,,,,,,,
Day 21,[26 27 42 10 46 17 23 67 38  5 49 13 62 34 32],,,,,,,,,,,,,,,,,,,,,,,,,,,,,,,,,,,,,,,,,,,,,,,,,,,,,,,,,,,,,,
Day 22,[53 42 56 10 23 54 25 29 52 55 30  0 46 45 24],,,,,,,,,,,,,,,,,,,,,,,,,,,,,,,,,,,,,,,,,,,,,,,,,,,,,,,,,,,,,,
Day 23,[42 46 34 31 23 56 12 10 58 54 67 28 52 17 26],,,,,,,,,,,,,,,,,,,,,,,,,,,,,,,,,,,,,,,,,,,,,,,,,,,,,,,,,,,,,,
Day 24,[46 42 16 14 38 29 27 58 35 17 67 13 62 10 22],,,,,,,,,,,,,,,,,,,,,,,,,,,,,,,,,,,,,,,,,,,,,,,,,,,,,,,,,,,,,,
Day 25,[42 29 46 45 38 17 16  5  8 49 13  7 22 67 27],,,,,,,,,,,,,,,,,,,,,,,,,,,,,,,,,,,,,,,,,,,,,,,,,,,,,,,,,,,,,,
Day 26,[56 42 54  7 58 59 25 39  0 23 52 24 15 63  5],,,,,,,,,,,,,,,,,,,,,,,,,,,,,,,,,,,,,,,,,,,,,,,,,,,,,,,,,,,,,,
Day 27,[56  7 42 53 11 55 54 23 66 10 58 71 25 19 18],,,,,,,,,,,,,,,,,,,,,,,,,,,,,,,,,,,,,,,,,,,,,,,,,,,,,,,,,,,,,,
Day 28,[ 7 53 13 42 11 23 39 54 10 55 66 19 27 50 67],,,,,,,,,,,,,,,,,,,,,,,,,,,,,,,,,,,,,,,,,,,,,,,,,,,,,,,,,,,,,,
Day 29,[23 11 67 46 53  0  7  5 42 45 52 51 54 24  2],,,,,,,,,,,,,,,,,,,,,,,,,,,,,,,,,,,,,,,,,,,,,,,,,,,,,,,,,,,,,,
Day 30,[68 55  0 71 23 18 21 66 48 11 51 36 53 24 52],,,,,,,,,,,,,,,,,,,,,,,,,,,,,,,,,,,,,,,,,,,,,,,,,,,,,,,,,,,,,,
Day 31,[68 71 55 66 18  0 21 48 61 23 53 36 51  1 39],,,,,,,,,,,,,,,,,,,,,,,,,,,,,,,,,,,,,,,,,,,,,,,,,,,,,,,,,,,,,,
Day 32,[53 66 71 55 23  7 54  0 61 25 56 18 48 67 68],,,,,,,,,,,,,,,,,,,,,,,,,,,,,,,,,,,,,,,,,,,,,,,,,,,,,,,,,,,,,,
Day 33,[16 23 42 67 53 66 29 54 56 65  7 30 39 34 51],,,,,,,,,,,,,,,,,,,,,,,,,,,,,,,,,,,,,,,,,,,,,,,,,,,,,,,,,,,,,,
Day 34,[26 56 42 54  7 23 39 16 10 17 57 63 15 30  5],,,,,,,,,,,,,,,,,,,,,,,,,,,,,,,,,,,,,,,,,,,,,,,,,,,,,,,,,,,,,,
Day 35,[29 56 17 26 22 23 15 10  7 11 25 42 33 27 67],,,,,,,,,,,,,,,,,,,,,,,,,,,,,,,,,,,,,,,,,,,,,,,,,,,,,,,,,,,,,,
Day 36,[26 27 23 17 42  8 12 67 63 49 35 15 65 38 22],,,,,,,,,,,,,,,,,,,,,,,,,,,,,,,,,,,,,,,,,,,,,,,,,,,,,,,,,,,,,,
Day 37,[27 42 17 35 65  7 56 53 63 64 22 30 67 23 38],,,,,,,,,,,,,,,,,,,,,,,,,,,,,,,,,,,,,,,,,,,,,,,,,,,,,,,,,,,,,,
Day 38,[42 56 53 17  7 54 27 38 58 23  0 63 10 30 65],,,,,,,,,,,,,,,,,,,,,,,,,,,,,,,,,,,,,,,,,,,,,,,,,,,,,,,,,,,,,,
Day 39,[53 42 56 59 55 21  0 10 54 66 58 52  7 71 30],,,,,,,,,,,,,,,,,,,,,,,,,,,,,,,,,,,,,,,,,,,,,,,,,,,,,,,,,,,,,,
Day 40,[42 53  7 55 56 10 30 21 66 54 63 27 25  0 36],,,,,,,,,,,,,,,,,,,,,,,,,,,,,,,,,,,,,,,,,,,,,,,,,,,,,,,,,,,,,,
Day 41,[27 46 42 62 28 35 30 13 63 49 38  5 67 29 65],,,,,,,,,,,,,,,,,,,,,,,,,,,,,,,,,,,,,,,,,,,,,,,,,,,,,,,,,,,,,,
Day 42,[56 53 66 10 55 54 58 42  7 30 65 23 60 63  3],,,,,,,,,,,,,,,,,,,,,,,,,,,,,,,,,,,,,,,,,,,,,,,,,,,,,,,,,,,,,,
Day 43,[29 10 56 53 39 30 63 26 38 27 42 54 49 65 12],,,,,,,,,,,,,,,,,,,,,,,,,,,,,,,,,,,,,,,,,,,,,,,,,,,,,,,,,,,,,,
Day 44,[56 53 10 29 54 66 61 39 18 55 58  3  5 30 63],,,,,,,,,,,,,,,,,,,,,,,,,,,,,,,,,,,,,,,,,,,,,,,,,,,,,,,,,,,,,,
Day 45,[31 26 12 27 35 13 51 49 10  2 29  8 34 63  9],,,,,,,,,,,,,,,,,,,,,,,,,,,,,,,,,,,,,,,,,,,,,,,,,,,,,,,,,,,,,,
Day 46,[31 34 10 22 27 28 35 17 49 65 32 51  8  9 20],,,,,,,,,,,,,,,,,,,,,,,,,,,,,,,,,,,,,,,,,,,,,,,,,,,,,,,,,,,,,,
Day 47,[10 53 56 54 58 65 26  7 63 60 27 23 24 52 16],,,,,,,,,,,,,,,,,,,,,,,,,,,,,,,,,,,,,,,,,,,,,,,,,,,,,,,,,,,,,,
Day 48,[10 53  7 54 58 23 56 26 60 63 55  0 66 57 25],,,,,,,,,,,,,,,,,,,,,,,,,,,,,,,,,,,,,,,,,,,,,,,,,,,,,,,,,,,,,,
Day 49,[29 10  7 31 27 23 54 34 58 56 53 63 65 67 26],,,,,,,,,,,,,,,,,,,,,,,,,,,,,,,,,,,,,,,,,,,,,,,,,,,,,,,,,,,,,,
Day 50,[53 10 54 56 68 23 55 71  0 66  3 18 67 21 60],,,,,,,,,,,,,,,,,,,,,,,,,,,,,,,,,,,,,,,,,,,,,,,,,,,,,,,,,,,,,,
Day 51,[53 56 10 54 58 23  0 60 34 66 67 55  1 68 50],,,,,,,,,,,,,,,,,,,,,,,,,,,,,,,,,,,,,,,,,,,,,,,,,,,,,,,,,,,,,,
Day 52,[53 56 58 23 54 10 66 71  0 60 17 67 52 18 26],,,,,,,,,,,,,,,,,,,,,,,,,,,,,,,,,,,,,,,,,,,,,,,,,,,,,,,,,,,,,,
Day 53,[53 23 56  0 71 55 54 18 58 52 60 36 24 68 66],,,,,,,,,,,,,,,,,,,,,,,,,,,,,,,,,,,,,,,,,,,,,,,,,,,,,,,,,,,,,,
Day 54,[56 42 53 23 54 71  0 58 60 55 24 52 66 47 36],,,,,,,,,,,,,,,,,,,,,,,,,,,,,,,,,,,,,,,,,,,,,,,,,,,,,,,,,,,,,,
Day 55,[56 29 53 23 58 54 42 52 27 60 55  4 71 30 12],,,,,,,,,,,,,,,,,,,,,,,,,,,,,,,,,,,,,,,,,,,,,,,,,,,,,,,,,,,,,,
Day 56,[42 58 27 34 56 12 23 54 52 63 10 17 38 53 67],,,,,,,,,,,,,,,,,,,,,,,,,,,,,,,,,,,,,,,,,,,,,,,,,,,,,,,,,,,,,,
Day 57,[42 17 56 52 23  4 63 54 58  2 67 30  8 13 60],,,,,,,,,,,,,,,,,,,,,,,,,,,,,,,,,,,,,,,,,,,,,,,,,,,,,,,,,,,,,,
Day 58,[56 38 42 53 23 52 59  0 55 54 24 60 71 25 18],,,,,,,,,,,,,,,,,,,,,,,,,,,,,,,,,,,,,,,,,,,,,,,,,,,,,,,,,,,,,,
Day 59,[68 45 42 23 38 52 51  1 24  0 21  2 28 10 55],,,,,,,,,,,,,,,,,,,,,,,,,,,,,,,,,,,,,,,,,,,,,,,,,,,,,,,,,,,,,,
Day 60,[68  4  1 42 52 56 23 24 51  5  2 66 71 18 61],,,,,,,,,,,,,,,,,,,,,,,,,,,,,,,,,,,,,,,,,,,,,,,,,,,,,,,,,,,,,,
Day 61,[71 68  4 48 11 51 52 18  1 24  0  2  3 36 14],,,,,,,,,,,,,,,,,,,,,,,,,,,,,,,,,,,,,,,,,,,,,,,,,,,,,,,,,,,,,,
Day 62,[11 29 28  4 41 39 52 59  5 12 51 32 65 26 27],,,,,,,,,,,,,,,,,,,,,,,,,,,,,,,,,,,,,,,,,,,,,,,,,,,,,,,,,,,,,,
Day 63,[31 27 17 35 29 22 13 28 32  8 67 45  5 38 20],,,,,,,,,,,,,,,,,,,,,,,,,,,,,,,,,,,,,,,,,,,,,,,,,,,,,,,,,,,,,,
Day 64,[31 65 29 17 23 35 14 67  8 20 56 41 32 40 27],,,,,,,,,,,,,,,,,,,,,,,,,,,,,,,,,,,,,,,,,,,,,,,,,,,,,,,,,,,,,,
Day 65,[56 53 66 16 55 23 54 71 18 33 26  1 58 60 48],,,,,,,,,,,,,,,,,,,,,,,,,,,,,,,,,,,,,,,,,,,,,,,,,,,,,,,,,,,,,,
Day 66,[27 29 26 53 58 23 56 54 65 67 17 46 38 33 25],,,,,,,,,,,,,,,,,,,,,,,,,,,,,,,,,,,,,,,,,,,,,,,,,,,,,,,,,,,,,,
Day 67,[56 53 54 23 58 55 66  0 61 21 24 29 36 71 19],,,,,,,,,,,,,,,,,,,,,,,,,,,,,,,,,,,,,,,,,,,,,,,,,,,,,,,,,,,,,,
Day 68,[27 23 58 53 21 54 28 60 52 56 67 30 42 55 51],,,,,,,,,,,,,,,,,,,,,,,,,,,,,,,,,,,,,,,,,,,,,,,,,,,,,,,,,,,,,,
Day 69,[56 55 53 71 18 66 60 48 21 54  0 36 24 30  3],,,,,,,,,,,,,,,,,,,,,,,,,,,,,,,,,,,,,,,,,,,,,,,,,,,,,,,,,,,,,,
Day 70,[66 38 68 24 47 21 53 10 36 54 52 51 55  1 18],,,,,,,,,,,,,,,,,,,,,,,,,,,,,,,,,,,,,,,,,,,,,,,,,,,,,,,,,,,,,,
,,,,,,,,,,,,,,,,,,,,,,,,,,,,,,,,,,,,,,,,,,,,,,,,,,,,,,,,,,,,,,,
,,,,,,,,,,,,,,,,,,,,,,,,,,,,,,,,,,,,,,,,,,,,,,,,,,,,,,,,,,,,,,,
,,,,,,,,,,,,,,,,,,,,,,,,,,,,,,,,,,,,,,,,,,,,,,,,,,,,,,,,,,,,,,,
,,,,,,,,,,,,,,,,,,,,,,,,,,,,,,,,,,,,,,,,,,,,,,,,,,,,,,,,,,,,,,,
,,,,,,,,,,,,,,,,,,,,,,,,,,,,,,,,,,,,,,,,,,,,,,,,,,,,,,,,,,,,,,,
,,,,,,,,,,,,,,,,,,,,,,,,,,,,,,,,,,,,,,,,,,,,,,,,,,,,,,,,,,,,,,,
,,,,,,,,,,,,,,,,,,,,,,,,,,,,,,,,,,,,,,,,,,,,,,,,,,,,,,,,,,,,,,,
,,,,,,,,,,,,,,,,,,,,,,,,,,,,,,,,,,,,,,,,,,,,,,,,,,,,,,,,,,,,,,,
,,,,,,,,,,,,,,,,,,,,,,,,,,,,,,,,,,,,,,,,,,,,,,,,,,,,,,,,,,,,,,,
,,,,,,,,,,,,,,,,,,,,,,,,,,,,,,,,,,,,,,,,,,,,,,,,,,,,,,,,,,,,,,,
,,,,,,,,,,,,,,,,,,,,,,,,,,,,,,,,,,,,,,,,,,,,,,,,,,,,,,,,,,,,,,,
,,,,,,,,,,,,,,,,,,,,,,,,,,,,,,,,,,,,,,,,,,,,,,,,,,,,,,,,,,,,,,,
,,,,,,,,,,,,,,,,,,,,,,,,,,,,,,,,,,,,,,,,,,,,,,,,,,,,,,,,,,,,,,,
,,,,,,,,,,,,,,,,,,,,,,,,,,,,,,,,,,,,,,,,,,,,,,,,,,,,,,,,,,,,,,,
,,,,,,,,,,,,,,,,,,,,,,,,,,,,,,,,,,,,,,,,,,,,,,,,,,,,,,,,,,,,,,,
,,,,,,,,,,,,,,,,,,,,,,,,,,,,,,,,,,,,,,,,,,,,,,,,,,,,,,,,,,,,,,,
,,,,,,,,,,,,,,,,,,,,,,,,,,,,,,,,,,,,,,,,,,,,,,,,,,,,,,,,,,,,,,,
,,,,,,,,,,,,,,,,,,,,,,,,,,,,,,,,,,,,,,,,,,,,,,,,,,,,,,,,,,,,,,,
,,日期,开盘,收盘,涨跌额,涨跌幅,最低,最高,成交量(手),成交金额(万),换手率,,,,,,,,,,,,,,,,,,,,,,,,,,,,,,,,,,,,,,,,,,,,,,,,,,,,
,,2019/10/23,16.32,16.45,0.03,0.18%,16.23,16.67,967535,159078.19,0.50%,,,,,,,,,,,,,,,,,,,,,,,,,,,,,,,,,,,,,,,,,,,,,,,,,,,,
,,2019/10/24,16.5,16.87,0.42,2.55%,16.44,17,1109215,186103.3,0.57%,,,,,,,,,,,,,,,,,,,,,,,,,,,,,,,,,,,,,,,,,,,,,,,,,,,,
,,2019/10/25,16.78,16.88,0.01,0.06%,16.58,16.96,691436,116110,0.36%,,,16.45,16.57,16.63,16.47,16.3,16.4,16.24,16.59,16.55,16.46,16.5,16.13,16.12,15.6,15.66,15.33,15.41,15.6,15.43,15.31,15.45,15.36,15.29,15.49,15.47,15.62,15.8,15.59,15.86,15.85,16.41,16.45,16.34,16.32,16.33,16.33,16.28,16.65,16.89,16.96,17.15,16.92,16.86,16.26,16.43,16.91,16.66,16.88,16.87,16.45
,,2019/10/28,16.98,16.66,-0.22,-1.30%,16.48,17.04,1070131,178087.33,0.55%,,,,,,,,,,,,,,,,,,,,,,,,,,,,,,,,,,,,,,,,,,,,,,,,,,,,
,,2019/10/29,16.69,16.91,0.25,1.50%,16.56,16.93,788865,132203.64,0.41%,,,,,,,,,,,,,,,,,,,,,,,,,,,,,,,,,,,,,,,,,,,,,,,,,,,,
,,2019/10/30,16.8,16.43,-0.48,-2.84%,16.42,16.96,854317,142064.5,0.44%,,,,,,,,,,,,,,,,,,,,,,,,,,,,,,,,,,,,,,,,,,,,,,,,,,,,
,,2019/10/31,16.42,16.26,-0.17,-1.03%,16.24,16.47,862569,140700.64,0.44%,,,,,,,,,,,,,,,,,,,,,,,,,,,,,,,,,,,,,,,,,,,,,,,,,,,,
,,2019/11/1,16.35,16.86,0.6,3.69%,16.28,17,1254656,209606.91,0.65%,,,,,,,,,,,,,,,,,,,,,,,,,,,,,,,,,,,,,,,,,,,,,,,,,,,,
,,2019/11/4,16.98,16.92,0.06,0.36%,16.77,17.25,889824,150791.08,0.46%,,,,,,,,,,,,,,,,,,,,,,,,,,,,,,,,,,,,,,,,,,,,,,,,,,,,
,,2019/11/5,16.8,17.15,0.23,1.36%,16.79,17.44,1172486,201092.42,0.60%,,,,,,,,,,,,,,,,,,,,,,,,,,,,,,,,,,,,,,,,,,,,,,,,,,,,
,,2019/11/6,17.06,16.96,-0.19,-1.11%,16.88,17.26,863325,147023.34,0.44%,,,,,,,,,,,,,,,,,,,,,,,,,,,,,,,,,,,,,,,,,,,,,,,,,,,,
,,2019/11/7,16.93,16.89,-0.07,-0.41%,16.75,17.07,711897,120067.16,0.37%,,,,,,,,,,,,,,,,,,,,,,,,,,,,,,,,,,,,,,,,,,,,,,,,,,,,
,,2019/11/8,16.98,16.65,-0.24,-1.42%,16.64,17.02,849139,142108.84,0.44%,,,,,,,,,,,,,,,,,,,,,,,,,,,,,,,,,,,,,,,,,,,,,,,,,,,,
,,2019/11/11,16.5,16.28,-0.37,-2.22%,16.2,16.53,953516,155651.72,0.49%,,,,,,,,,,,,,,,,,,,,,,,,,,,,,,,,,,,,,,,,,,,,,,,,,,,,
,,2019/11/12,16.29,16.33,0.05,0.31%,16.16,16.37,516266,84076.93,0.27%,,,,,,,,,,,,,,,,,,,,,,,,,,,,,,,,,,,,,,,,,,,,,,,,,,,,
,,2019/11/13,16.29,16.33,0,0.00%,16.06,16.46,655121,106797.56,0.34%,,,,,,,,,,,,,,,,,,,,,,,,,,,,,,,,,,,,,,,,,,,,,,,,,,,,
,,2019/11/14,16.43,16.32,-0.01,-0.06%,16.25,16.48,468900,76700.63,0.24%,,,,,,,,,,,,,,,,,,,,,,,,,,,,,,,,,,,,,,,,,,,,,,,,,,,,
,,2019/11/15,16.39,16.34,0.02,0.12%,16.24,16.55,569228,93353.96,0.29%,,,,,,,,,,,,,,,,,,,,,,,,,,,,,,,,,,,,,,,,,,,,,,,,,,,,
,,2019/11/18,16.35,16.45,0.11,0.67%,16.23,16.55,557918,91598.39,0.29%,,,,,,,,,,,,,,,,,,,,,,,,,,,,,,,,,,,,,,,,,,,,,,,,,,,,
,,2019/11/19,16.45,16.41,-0.04,-0.24%,16.31,16.48,562120,92099.82,0.29%,,,,,,,,,,,,,,,,,,,,,,,,,,,,,,,,,,,,,,,,,,,,,,,,,,,,
,,2019/11/20,16.3,15.85,-0.56,-3.41%,15.77,16.3,1724384,274759.84,0.89%,,,,,,,,,,,,,,,,,,,,,,,,,,,,,,,,,,,,,,,,,,,,,,,,,,,,
,,2019/11/21,15.75,15.86,0.01,0.06%,15.63,15.87,772563,121851.63,0.40%,,,,,,,,,,,,,,,,,,,,,,,,,,,,,,,,,,,,,,,,,,,,,,,,,,,,
,,2019/11/22,15.89,15.59,-0.27,-1.70%,15.55,15.92,773474,121606.45,0.40%,,,,,,,,,,,,,,,,,,,,,,,,,,,,,,,,,,,,,,,,,,,,,,,,,,,,
,,2019/11/25,15.64,15.8,0.21,1.35%,15.54,15.84,783258,123338.89,0.40%,,,,,,,,,,,,,,,,,,,,,,,,,,,,,,,,,,,,,,,,,,,,,,,,,,,,
,,2019/11/26,15.89,15.62,-0.18,-1.14%,15.49,15.89,815298,127159.46,0.42%,,,,,,,,,,,,,,,,,,,,,,,,,,,,,,,,,,,,,,,,,,,,,,,,,,,,
,,2019/11/27,15.64,15.47,-0.15,-0.96%,15.39,15.64,476170,73658.43,0.25%,,,,,,,,,,,,,,,,,,,,,,,,,,,,,,,,,,,,,,,,,,,,,,,,,,,,
,,2019/11/28,15.47,15.49,0.02,0.13%,15.44,15.54,378017,58525.2,0.19%,,,,,,,,,,,,,,,,,,,,,,,,,,,,,,,,,,,,,,,,,,,,,,,,,,,,
,,2019/11/29,15.54,15.29,-0.2,-1.29%,15.18,15.55,653867,100145.11,0.34%,,,,,,,,,,,,,,,,,,,,,,,,,,,,,,,,,,,,,,,,,,,,,,,,,,,,
,,2019/12/2,15.35,15.36,0.07,0.46%,15.23,15.43,553877,84978.41,0.29%,,,,,,,,,,,,,,,,,,,,,,,,,,,,,,,,,,,,,,,,,,,,,,,,,,,,
,,2019/12/3,15.3,15.45,0.09,0.59%,15.21,15.46,455418,70029.36,0.23%,,,,,,,,,,,,,,,,,,,,,,,,,,,,,,,,,,,,,,,,,,,,,,,,,,,,
,,2019/12/4,15.34,15.31,-0.14,-0.91%,15.21,15.41,524545,80211.03,0.27%,,,,,,,,,,,,,,,,,,,,,,,,,,,,,,,,,,,,,,,,,,,,,,,,,,,,
,,2019/12/5,15.35,15.43,0.12,0.78%,15.3,15.48,557084,85768.26,0.29%,,,,,,,,,,,,,,,,,,,,,,,,,,,,,,,,,,,,,,,,,,,,,,,,,,,,
,,2019/12/6,15.47,15.6,0.17,1.10%,15.46,15.72,712615,110942.31,0.37%,,,,,,,,,,,,,,,,,,,,,,,,,,,,,,,,,,,,,,,,,,,,,,,,,,,,
,,2019/12/9,15.62,15.41,-0.19,-1.22%,15.35,15.62,605993,93513.59,0.31%,,,,,,,,,,,,,,,,,,,,,,,,,,,,,,,,,,,,,,,,,,,,,,,,,,,,
,,2019/12/10,15.36,15.33,-0.08,-0.52%,15.25,15.38,556384,85137.75,0.29%,,,,,,,,,,,,,,,,,,,,,,,,,,,,,,,,,,,,,,,,,,,,,,,,,,,,
,,2019/12/11,15.38,15.66,0.33,2.15%,15.3,15.68,871505,135178.66,0.45%,,,,,,,,,,,,,,,,,,,,,,,,,,,,,,,,,,,,,,,,,,,,,,,,,,,,
,,2019/12/12,15.66,15.6,-0.06,-0.38%,15.53,15.67,478999,74751.95,0.25%,,,,,,,,,,,,,,,,,,,,,,,,,,,,,,,,,,,,,,,,,,,,,,,,,,,,
,,2019/12/13,15.85,16.12,0.52,3.33%,15.77,16.12,1053104,168070.73,0.54%,,,,,,,,,,,,,,,,,,,,,,,,,,,,,,,,,,,,,,,,,,,,,,,,,,,,
,,2019/12/16,16.12,16.13,0.01,0.06%,15.87,16.14,787952,126280.24,0.41%,,,,,,,,,,,,,,,,,,,,,,,,,,,,,,,,,,,,,,,,,,,,,,,,,,,,
,,2019/12/17,16,16.5,0.37,2.29%,15.98,16.63,1203105,196989.12,0.62%,,,,,,,,,,,,,,,,,,,,,,,,,,,,,,,,,,,,,,,,,,,,,,,,,,,,
,,2019/12/18,16.43,16.46,-0.04,-0.24%,16.41,16.66,797091,131760.86,0.41%,,,,,,,,,,,,,,,,,,,,,,,,,,,,,,,,,,,,,,,,,,,,,,,,,,,,
,,2019/12/19,16.55,16.55,0.09,0.55%,16.44,16.74,675537,111992.6,0.35%,,,,,,,,,,,,,,,,,,,,,,,,,,,,,,,,,,,,,,,,,,,,,,,,,,,,
,,2019/12/20,16.55,16.59,0.04,0.24%,16.44,16.68,644478,106786.98,0.33%,,,,,,,,,,,,,,,,,,,,,,,,,,,,,,,,,,,,,,,,,,,,,,,,,,,,
,,2019/12/23,16.68,16.24,-0.35,-2.11%,16.17,16.68,715793,117337.2,0.37%,,,,,,,,,,,,,,,,,,,,,,,,,,,,,,,,,,,,,,,,,,,,,,,,,,,,
,,2019/12/24,16.23,16.4,0.16,0.99%,16.23,16.5,459128,75235.16,0.24%,,,,,,,,,,,,,,,,,,,,,,,,,,,,,,,,,,,,,,,,,,,,,,,,,,,,
,,2019/12/25,16.45,16.3,-0.1,-0.61%,16.24,16.56,414918,67966.46,0.21%,,,,,,,,,,,,,,,,,,,,,,,,,,,,,,,,,,,,,,,,,,,,,,,,,,,,
,,2019/12/26,16.34,16.47,0.17,1.04%,16.32,16.48,372034,61038.18,0.19%,,,,,,,,,,,,,,,,,,,,,,,,,,,,,,,,,,,,,,,,,,,,,,,,,,,,
,,2019/12/27,16.53,16.63,0.16,0.97%,16.43,16.93,1042575,174147.31,0.54%,,,,,,,,,,,,,,,,,,,,,,,,,,,,,,,,,,,,,,,,,,,,,,,,,,,,
,,2019/12/30,16.46,16.57,-0.06,-0.36%,16.1,16.63,976970,160315.28,0.50%,,,,,,,,,,,,,,,,,,,,,,,,,,,,,,,,,,,,,,,,,,,,,,,,,,,,
,,2019/12/31,16.57,16.45,-0.12,-0.72%,16.31,16.63,704442,115470.44,0.36%,,,,,,,,,,,,,,,,,,,,,,,,,,,,,,,,,,,,,,,,,,,,,,,,,,,,
,,,,,,,,,,,,,,,,,,,,,,,,,,,,,,,,,,,,,,,,,,,,,,,,,,,,,,,,,,,,,,,
,,,,,,,,,,,,,,,,,,,,,,,,,,,,,,,,,,,,,,,,,,,,,,,,,,,,,,,,,,,,,,,
,,,,,,,,,,,,,,,,,,,,,,,,,,,,,,,,,,,,,,,,,,,,,,,,,,,,,,,,,,,,,,,
,,日期,开盘,收盘,涨跌额,涨跌幅,最低,最高,成交量(手),成交金额(万),换手率,,,,,,,,,,,,,,,,,,,,,,,,,,,,,,,,,,,,,,,,,,,,,,,,,,,,
,,2019/10/23,27.25,26.78,-0.58,-2.12%,26.67,27.29,567454,152444.5,0.58%,,,,,,,,,,,,,,,,,,,,,,,,,,,,,,,,,,,,,,,,,,,,,,,,,,,,
,,2019/10/24,26.75,26.66,-0.12,-0.45%,26.55,26.94,427848,114405.73,0.44%,,,,,,,,,,,,,,,,,,,,,,,,,,,,,,,,,,,,,,,,,,,,,,,,,,,,
,,2019/10/25,26.81,26.97,0.31,1.16%,26.75,27.26,576901,155760.11,0.59%,,,,,,,,,,,,,,,,,,,,,,,,,,,,,,,,,,,,,,,,,,,,,,,,,,,,
,,2019/10/28,26.96,26.88,-0.09,-0.33%,26.5,26.96,430973,115433.45,0.44%,,,,,,,,,,,,,,,,,,,,,,,,,,,,,,,,,,,,,,,,,,,,,,,,,,,,
,,2019/10/29,26.86,26.67,-0.21,-0.78%,26.65,26.94,356020,95260.43,0.37%,,,,,,,,,,,,,,,,,,,,,,,,,,,,,,,,,,,,,,,,,,,,,,,,,,,,
,,2019/10/30,26.62,26.65,-0.02,-0.07%,26.6,26.81,363282,97037.39,0.37%,,,,,,,,,,,,,,,,,,,,,,,,,,,,,,,,,,,,,,,,,,,,,,,,,,,,
,,2019/10/31,26.65,26.53,-0.12,-0.45%,26.38,26.8,336242,89256.52,0.35%,,,,,,,,,,,,,,,,,,,,,,,,,,,,,,,,,,,,,,,,,,,,,,,,,,,,
,,2019/11/1,26.56,26.83,0.3,1.13%,26.19,26.86,626001,167110.58,0.64%,,,,,,,,,,,,,,,,,,,,,,,,,,,,,,,,,,,,,,,,,,,,,,,,,,,,
,,2019/11/4,26.93,26.86,0.03,0.11%,26.72,27.04,538985,144924.92,0.55%,,,,,,,,,,,,,,,,,,,,,,,,,,,,,,,,,,,,,,,,,,,,,,,,,,,,
,,2019/11/5,26.9,26.88,0.02,0.07%,26.53,27.04,989568,266135.09,1.02%,,,,,,,,,,,,,,,,,,,,,,,,,,,,,,,,,,,,,,,,,,,,,,,,,,,,
,,2019/11/6,26.87,26.65,-0.23,-0.86%,26.42,26.87,674955,179394.52,0.69%,,,,,,,,,,,,,,,,,,,,,,,,,,,,,,,,,,,,,,,,,,,,,,,,,,,,
,,2019/11/7,26.61,26.57,-0.08,-0.30%,26.5,26.68,338402,89944.7,0.35%,,,,,,,,,,,,,,,,,,,,,,,,,,,,,,,,,,,,,,,,,,,,,,,,,,,,
,,2019/11/8,26.69,26.74,0.17,0.64%,26.57,26.81,485247,129631.4,0.50%,,,,,,,,,,,,,,,,,,,,,,,,,,,,,,,,,,,,,,,,,,,,,,,,,,,,
,,2019/11/11,26.58,26.38,-0.36,-1.35%,26.32,26.59,463259,122571.87,0.48%,,,,,,,,,,,,,,,,,,,,,,,,,,,,,,,,,,,,,,,,,,,,,,,,,,,,
,,2019/11/12,26.32,26.28,-0.1,-0.38%,26.21,26.53,363338,95739.38,0.37%,,,,,,,,,,,,,,,,,,,,,,,,,,,,,,,,,,,,,,,,,,,,,,,,,,,,
,,2019/11/13,26.28,26.19,-0.09,-0.34%,26,26.3,346952,90691.38,0.36%,,,,,,,,,,,,,,,,,,,,,,,,,,,,,,,,,,,,,,,,,,,,,,,,,,,,
,,2019/11/14,26.23,26.39,0.2,0.76%,26.07,26.47,378341,99657.16,0.39%,,,,,,,,,,,,,,,,,,,,,,,,,,,,,,,,,,,,,,,,,,,,,,,,,,,,
,,2019/11/15,26.44,26.49,0.1,0.38%,26.37,26.66,468115,124347.29,0.48%,,,,,,,,,,,,,,,,,,,,,,,,,,,,,,,,,,,,,,,,,,,,,,,,,,,,
,,2019/11/18,26.4,26.42,-0.07,-0.26%,26.11,26.56,368124,97179.09,0.38%,,,,,,,,,,,,,,,,,,,,,,,,,,,,,,,,,,,,,,,,,,,,,,,,,,,,
,,2019/11/19,26.46,26.72,0.3,1.14%,26.4,26.77,670930,179018.11,0.69%,,,,,,,,,,,,,,,,,,,,,,,,,,,,,,,,,,,,,,,,,,,,,,,,,,,,
,,2019/11/20,26.75,26.65,-0.07,-0.26%,26.6,26.81,485754,129873.19,0.50%,,,,,,,,,,,,,,,,,,,,,,,,,,,,,,,,,,,,,,,,,,,,,,,,,,,,
,,2019/11/21,26.55,26.75,0.1,0.38%,26.45,26.76,385675,102886.55,0.40%,,,,,,,,,,,,,,,,,,,,,,,,,,,,,,,,,,,,,,,,,,,,,,,,,,,,
,,2019/11/22,26.78,27.01,0.26,0.97%,26.69,27.1,669911,180442.88,0.69%,,,,,,,,,,,,,,,,,,,,,,,,,,,,,,,,,,,,,,,,,,,,,,,,,,,,
,,2019/11/25,27.3,28.65,1.64,6.07%,27.3,28.65,1368033,385625.81,1.41%,,,,,,,,,,,,,,,,,,,,,,,,,,,,,,,,,,,,,,,,,,,,,,,,,,,,
,,2019/11/26,28.65,28.35,-0.3,-1.05%,28.09,28.7,717189,203321.73,0.74%,,,,,,,,,,,,,,,,,,,,,,,,,,,,,,,,,,,,,,,,,,,,,,,,,,,,
,,2019/11/27,28.29,28,-0.35,-1.23%,27.88,28.39,631435,177537.89,0.65%,,,,,,,,,,,,,,,,,,,,,,,,,,,,,,,,,,,,,,,,,,,,,,,,,,,,
,,2019/11/28,28.01,27.8,-0.2,-0.71%,27.62,28.01,439962,122284.01,0.45%,,,,,,,,,,,,,,,,,,,,,,,,,,,,,,,,,,,,,,,,,,,,,,,,,,,,
,,2019/11/29,27.83,27.7,-0.1,-0.36%,27.59,27.85,448065,124237.39,0.46%,,,,,,,,,,,,,,,,,,,,,,,,,,,,,,,,,,,,,,,,,,,,,,,,,,,,
,,2019/12/2,27.87,28.05,0.35,1.26%,27.86,28.12,1006844,282361.28,1.04%,,,,,,,,,,,,,,,,,,,,,,,,,,,,,,,,,,,,,,,,,,,,,,,,,,,,
,,2019/12/3,27.97,28,-0.05,-0.18%,27.73,28.18,596982,167391.89,0.61%,,,,,,,,,,,,,,,,,,,,,,,,,,,,,,,,,,,,,,,,,,,,,,,,,,,,
,,2019/12/4,27.88,27.78,-0.22,-0.79%,27.65,28,343383,95476.59,0.35%,,,,,,,,,,,,,,,,,,,,,,,,,,,,,,,,,,,,,,,,,,,,,,,,,,,,
,,2019/12/5,27.95,27.8,0.02,0.07%,27.61,27.95,373264,103687.66,0.38%,,,,,,,,,,,,,,,,,,,,,,,,,,,,,,,,,,,,,,,,,,,,,,,,,,,,
,,2019/12/6,27.86,27.86,0.06,0.22%,27.72,27.88,358418,99743.11,0.37%,,,,,,,,,,,,,,,,,,,,,,,,,,,,,,,,,,,,,,,,,,,,,,,,,,,,
,,2019/12/9,27.96,28.17,0.31,1.11%,27.96,28.35,1160606,326760.84,1.19%,,,,,,,,,,,,,,,,,,,,,,,,,,,,,,,,,,,,,,,,,,,,,,,,,,,,
,,2019/12/10,28.08,27.9,-0.27,-0.96%,27.73,28.15,685469,191418.78,0.71%,,,,,,,,,,,,,,,,,,,,,,,,,,,,,,,,,,,,,,,,,,,,,,,,,,,,
,,2019/12/11,27.99,28,0.1,0.36%,27.95,28.24,985187,276568.88,1.01%,,,,,,,,,,,,,,,,,,,,,,,,,,,,,,,,,,,,,,,,,,,,,,,,,,,,
,,2019/12/12,28.02,28,0,0.00%,27.94,28.17,563828,158071.3,0.58%,,,,,,,,,,,,,,,,,,,,,,,,,,,,,,,,,,,,,,,,,,,,,,,,,,,,
,,2019/12/13,28.18,28.15,0.15,0.54%,28.13,28.34,1431370,403946.5,1.47%,,,,,,,,,,,,,,,,,,,,,,,,,,,,,,,,,,,,,,,,,,,,,,,,,,,,
,,2019/12/16,28.25,29.45,1.3,4.62%,28.15,29.45,1896063,542258.38,1.95%,,,,,,,,,,,,,,,,,,,,,,,,,,,,,,,,,,,,,,,,,,,,,,,,,,,,
,,2019/12/17,29.35,30.45,1,3.40%,29.19,31.34,1596500,482552.22,1.64%,,,,,,,,,,,,,,,,,,,,,,,,,,,,,,,,,,,,,,,,,,,,,,,,,,,,
,,2019/12/18,30.5,30.31,-0.14,-0.46%,30.2,30.96,907933,277095.09,0.93%,,,,,,,,,,,,,,,,,,,,,,,,,,,,,,,,,,,,,,,,,,,,,,,,,,,,
,,2019/12/19,30.4,31.03,0.72,2.38%,30.3,31.33,861137,266361.97,0.89%,,,,,,,,,,,,,,,,,,,,,,,,,,,,,,,,,,,,,,,,,,,,,,,,,,,,
,,2019/12/20,31.35,31.68,0.65,2.09%,31.35,32.25,893368,284528.62,0.92%,,,,,,,,,,,,,,,,,,,,,,,,,,,,,,,,,,,,,,,,,,,,,,,,,,,,
,,2019/12/23,31.68,31.01,-0.67,-2.11%,30.99,32.19,638836,200699.45,0.66%,,,,,,,,,,,,,,,,,,,,,,,,,,,,,,,,,,,,,,,,,,,,,,,,,,,,
,,2019/12/24,31.01,30.38,-0.63,-2.03%,30.09,31.1,754925,229391.11,0.78%,,,,,,,,,,,,,,,,,,,,,,,,,,,,,,,,,,,,,,,,,,,,,,,,,,,,
,,2019/12/25,30.4,30.29,-0.09,-0.30%,30.18,30.63,685037,208200.81,0.71%,,,,,,,,,,,,,,,,,,,,,,,,,,,,,,,,,,,,,,,,,,,,,,,,,,,,
,,2019/12/26,30.5,31.12,0.83,2.74%,30.5,31.3,888791,275874.53,0.91%,,,,,,,,,,,,,,,,,,,,,,,,,,,,,,,,,,,,,,,,,,,,,,,,,,,,
,,2019/12/27,31.23,31,-0.12,-0.39%,30.81,31.32,703096,218510.69,0.72%,,,,,,,,,,,,,,,,,,,,,,,,,,,,,,,,,,,,,,,,,,,,,,,,,,,,
,,2019/12/30,31.35,31.57,0.57,1.84%,31.02,31.79,915751,287024.78,0.94%,,,,,,,,,,,,,,,,,,,,,,,,,,,,,,,,,,,,,,,,,,,,,,,,,,,,
,,2019/12/31,31.35,32.18,0.61,1.93%,31.32,32.45,663498,212296.67,0.68%,,,,,,,,,,,,,,,,,,,,,,,,,,,,,,,,,,,,,,,,,,,,,,,,,,,,
,,,,,,,,,,,,,,,,,,,,,,,,,,,,,,,,,,,,,,,,,,,,,,,,,,,,,,,,,,,,,,,
,,,,,,,,,,,,,,,,,,,,,,,,,,,,,,,,,,,,,,,,,,,,,,,,,,,,,,,,,,,,,,,
,,日期,开盘,收盘,涨跌额,涨跌幅,最低,最高,成交量(手),成交金额(万),换手率,,,,,,,,,,,,,,,,,,,,,,,,,,,,,,,,,,,,,,,,,,,,,,,,,,,,
,,2019/10/23,7.21,7.12,-0.1,-1.39%,7.1,7.24,185036,13228.21,0.26%,,,,,,,,,,,,,,,,,,,,,,,,,,,,,,,,,,,,,,,,,,,,,,,,,,,,
,,2019/10/24,7.14,7.12,0,0.00%,7.1,7.19,152219,10856.93,0.22%,,,,,,,,,,,,,,,,,,,,,,,,,,,,,,,,,,,,,,,,,,,,,,,,,,,,
,,2019/10/25,7.13,7.15,0.03,0.42%,7.1,7.19,175362,12522.34,0.25%,,,,,,,,,,,,,,,,,,,,,,,,,,,,,,,,,,,,,,,,,,,,,,,,,,,,
,,2019/10/28,7.14,7.08,-0.07,-0.98%,7.04,7.16,343650,24333.43,0.49%,,,,,,,,,,,,,,,,,,,,,,,,,,,,,,,,,,,,,,,,,,,,,,,,,,,,
,,2019/10/29,7.02,6.95,-0.13,-1.84%,6.94,7.06,342327,23933.46,0.49%,,,,,,,,,,,,,,,,,,,,,,,,,,,,,,,,,,,,,,,,,,,,,,,,,,,,
,,2019/10/30,6.96,6.97,0.02,0.29%,6.93,7.01,296168,20661.11,0.42%,,,,,,,,,,,,,,,,,,,,,,,,,,,,,,,,,,,,,,,,,,,,,,,,,,,,
,,2019/10/31,6.99,7.04,0.07,1.00%,6.97,7.09,320422,22580,0.46%,,,,,,,,,,,,,,,,,,,,,,,,,,,,,,,,,,,,,,,,,,,,,,,,,,,,
,,2019/11/1,7.02,7.14,0.1,1.42%,6.98,7.18,352823,24945.62,0.50%,,,,,,,,,,,,,,,,,,,,,,,,,,,,,,,,,,,,,,,,,,,,,,,,,,,,
,,2019/11/4,7.13,7.13,-0.01,-0.14%,7.11,7.19,317105,22644.06,0.45%,,,,,,,,,,,,,,,,,,,,,,,,,,,,,,,,,,,,,,,,,,,,,,,,,,,,
,,2019/11/5,7.13,7.21,0.08,1.12%,7.11,7.27,513415,36956.33,0.73%,,,,,,,,,,,,,,,,,,,,,,,,,,,,,,,,,,,,,,,,,,,,,,,,,,,,
,,2019/11/6,7.24,7.24,0.03,0.42%,7.19,7.28,407757,29491.7,0.58%,,,,,,,,,,,,,,,,,,,,,,,,,,,,,,,,,,,,,,,,,,,,,,,,,,,,
,,2019/11/7,7.25,7.22,-0.02,-0.28%,7.18,7.27,316940,22905.84,0.45%,,,,,,,,,,,,,,,,,,,,,,,,,,,,,,,,,,,,,,,,,,,,,,,,,,,,
,,2019/11/8,7.29,7.1,-0.12,-1.66%,7.07,7.29,431085,30806.88,0.61%,,,,,,,,,,,,,,,,,,,,,,,,,,,,,,,,,,,,,,,,,,,,,,,,,,,,
,,2019/11/11,7.09,6.98,-0.12,-1.69%,6.96,7.09,318151,22279.07,0.45%,,,,,,,,,,,,,,,,,,,,,,,,,,,,,,,,,,,,,,,,,,,,,,,,,,,,
,,2019/11/12,7,6.98,0,0.00%,6.95,7.01,197110,13750.16,0.28%,,,,,,,,,,,,,,,,,,,,,,,,,,,,,,,,,,,,,,,,,,,,,,,,,,,,
,,2019/11/13,6.99,6.97,-0.01,-0.14%,6.92,7,171974,11957.66,0.25%,,,,,,,,,,,,,,,,,,,,,,,,,,,,,,,,,,,,,,,,,,,,,,,,,,,,
,,2019/11/14,6.97,6.89,-0.08,-1.15%,6.89,6.99,218432,15103.04,0.31%,,,,,,,,,,,,,,,,,,,,,,,,,,,,,,,,,,,,,,,,,,,,,,,,,,,,
,,2019/11/15,6.9,6.9,0.01,0.15%,6.82,6.92,219594,15083.36,0.31%,,,,,,,,,,,,,,,,,,,,,,,,,,,,,,,,,,,,,,,,,,,,,,,,,,,,
,,2019/11/18,6.9,6.86,-0.04,-0.58%,6.78,6.9,272542,18637.16,0.39%,,,,,,,,,,,,,,,,,,,,,,,,,,,,,,,,,,,,,,,,,,,,,,,,,,,,
,,2019/11/19,6.87,6.92,0.06,0.87%,6.84,6.95,295784,20424.32,0.42%,,,,,,,,,,,,,,,,,,,,,,,,,,,,,,,,,,,,,,,,,,,,,,,,,,,,
,,2019/11/20,6.92,6.86,-0.06,-0.87%,6.84,6.95,204917,14145.22,0.29%,,,,,,,,,,,,,,,,,,,,,,,,,,,,,,,,,,,,,,,,,,,,,,,,,,,,
,,2019/11/21,6.85,6.84,-0.02,-0.29%,6.82,6.9,206478,14144.49,0.29%,,,,,,,,,,,,,,,,,,,,,,,,,,,,,,,,,,,,,,,,,,,,,,,,,,,,
,,2019/11/22,6.87,6.77,-0.07,-1.02%,6.75,6.9,260947,17769.04,0.37%,,,,,,,,,,,,,,,,,,,,,,,,,,,,,,,,,,,,,,,,,,,,,,,,,,,,
,,2019/11/25,6.8,6.97,0.2,2.95%,6.78,7.03,469093,32562.36,0.67%,,,,,,,,,,,,,,,,,,,,,,,,,,,,,,,,,,,,,,,,,,,,,,,,,,,,
,,2019/11/26,6.98,7.08,0.11,1.58%,6.96,7.12,640455,45088.61,0.91%,,,,,,,,,,,,,,,,,,,,,,,,,,,,,,,,,,,,,,,,,,,,,,,,,,,,
,,2019/11/27,7.08,6.97,-0.11,-1.55%,6.96,7.09,307415,21560.05,0.44%,,,,,,,,,,,,,,,,,,,,,,,,,,,,,,,,,,,,,,,,,,,,,,,,,,,,
,,2019/11/28,6.97,6.92,-0.05,-0.72%,6.88,7.01,193038,13374.31,0.28%,,,,,,,,,,,,,,,,,,,,,,,,,,,,,,,,,,,,,,,,,,,,,,,,,,,,
,,2019/11/29,6.94,6.89,-0.03,-0.43%,6.86,6.95,193783,13372.82,0.28%,,,,,,,,,,,,,,,,,,,,,,,,,,,,,,,,,,,,,,,,,,,,,,,,,,,,
,,2019/12/2,6.9,6.99,0.1,1.45%,6.9,7.02,371012,25918.63,0.53%,,,,,,,,,,,,,,,,,,,,,,,,,,,,,,,,,,,,,,,,,,,,,,,,,,,,
,,2019/12/3,6.97,7.04,0.05,0.72%,6.94,7.04,279224,19581.09,0.40%,,,,,,,,,,,,,,,,,,,,,,,,,,,,,,,,,,,,,,,,,,,,,,,,,,,,
,,2019/12/4,7.02,6.96,-0.08,-1.14%,6.95,7.05,219337,15322.25,0.31%,,,,,,,,,,,,,,,,,,,,,,,,,,,,,,,,,,,,,,,,,,,,,,,,,,,,
,,2019/12/5,6.97,6.95,-0.01,-0.14%,6.91,6.99,224447,15589.3,0.32%,,,,,,,,,,,,,,,,,,,,,,,,,,,,,,,,,,,,,,,,,,,,,,,,,,,,
,,2019/12/6,6.95,6.92,-0.03,-0.43%,6.89,6.97,267174,18477.89,0.38%,,,,,,,,,,,,,,,,,,,,,,,,,,,,,,,,,,,,,,,,,,,,,,,,,,,,
,,2019/12/9,6.96,7.1,0.18,2.60%,6.94,7.12,838908,59275.8,1.20%,,,,,,,,,,,,,,,,,,,,,,,,,,,,,,,,,,,,,,,,,,,,,,,,,,,,
,,2019/12/10,7.1,7.09,-0.01,-0.14%,7.05,7.11,249869,17697.17,0.36%,,,,,,,,,,,,,,,,,,,,,,,,,,,,,,,,,,,,,,,,,,,,,,,,,,,,
,,2019/12/11,7.13,7.2,0.11,1.55%,7.11,7.28,609489,43884.17,0.87%,,,,,,,,,,,,,,,,,,,,,,,,,,,,,,,,,,,,,,,,,,,,,,,,,,,,
,,2019/12/12,7.21,7.16,-0.04,-0.56%,7.15,7.23,220950,15882.31,0.31%,,,,,,,,,,,,,,,,,,,,,,,,,,,,,,,,,,,,,,,,,,,,,,,,,,,,
,,2019/12/13,7.26,7.29,0.13,1.82%,7.22,7.33,436588,31822.97,0.62%,,,,,,,,,,,,,,,,,,,,,,,,,,,,,,,,,,,,,,,,,,,,,,,,,,,,
,,2019/12/16,7.3,7.36,0.07,0.96%,7.25,7.38,423435,30966.69,0.60%,,,,,,,,,,,,,,,,,,,,,,,,,,,,,,,,,,,,,,,,,,,,,,,,,,,,
,,2019/12/17,7.34,7.46,0.1,1.36%,7.32,7.62,658913,49187.74,0.94%,,,,,,,,,,,,,,,,,,,,,,,,,,,,,,,,,,,,,,,,,,,,,,,,,,,,
,,2019/12/18,7.46,7.49,0.03,0.40%,7.42,7.64,356165,26886.03,0.51%,,,,,,,,,,,,,,,,,,,,,,,,,,,,,,,,,,,,,,,,,,,,,,,,,,,,
,,2019/12/19,7.56,7.51,0.02,0.27%,7.48,7.61,306011,23028.59,0.44%,,,,,,,,,,,,,,,,,,,,,,,,,,,,,,,,,,,,,,,,,,,,,,,,,,,,
,,2019/12/20,7.52,7.57,0.06,0.80%,7.5,7.66,348818,26469.37,0.50%,,,,,,,,,,,,,,,,,,,,,,,,,,,,,,,,,,,,,,,,,,,,,,,,,,,,
,,2019/12/23,7.53,7.39,-0.18,-2.38%,7.35,7.62,591349,44016.4,0.84%,,,,,,,,,,,,,,,,,,,,,,,,,,,,,,,,,,,,,,,,,,,,,,,,,,,,
,,2019/12/24,7.4,7.41,0.02,0.27%,7.36,7.45,270365,20035.93,0.39%,,,,,,,,,,,,,,,,,,,,,,,,,,,,,,,,,,,,,,,,,,,,,,,,,,,,
,,2019/12/25,7.42,7.37,-0.04,-0.54%,7.34,7.45,164637,12146.26,0.23%,,,,,,,,,,,,,,,,,,,,,,,,,,,,,,,,,,,,,,,,,,,,,,,,,,,,
,,2019/12/26,7.39,7.53,0.16,2.17%,7.39,7.61,458646,34528.37,0.65%,,,,,,,,,,,,,,,,,,,,,,,,,,,,,,,,,,,,,,,,,,,,,,,,,,,,
,,2019/12/27,7.52,7.59,0.06,0.80%,7.5,7.66,496021,37664.79,0.71%,,,,,,,,,,,,,,,,,,,,,,,,,,,,,,,,,,,,,,,,,,,,,,,,,,,,
,,2019/12/30,7.61,7.78,0.19,2.50%,7.57,7.83,525443,40721.24,0.75%,,,,,,,,,,,,,,,,,,,,,,,,,,,,,,,,,,,,,,,,,,,,,,,,,,,,
,,2019/12/31,7.81,7.79,0.01,0.13%,7.69,7.83,476533,36903.1,0.68%,,,,,,,,,,,,,,,,,,,,,,,,,,,,,,,,,,,,,,,,,,,,,,,,,,,,
,,,,,,,,,,,,,,,,,,,,,,,,,,,,,,,,,,,,,,,,,,,,,,,,,,,,,,,,,,,,,,,
,,,,,,,,,,,,,,,,,,,,,,,,,,,,,,,,,,,,,,,,,,,,,,,,,,,,,,,,,,,,,,,
,,日期,开盘,收盘,涨跌额,涨跌幅,最低,最高,成交量(手),成交金额(万),换手率,,,,,,,,,,,,,,,,,,,,,,,,,,,,,,,,,,,,,,,,,,,,,,,,,,,,
,,2019/10/23,4.81,4.79,-0.02,-0.42%,4.77,4.83,124124,5950.93,0.06%,,,,,,,,,,,,,,,,,,,,,,,,,,,,,,,,,,,,,,,,,,,,,,,,,,,,
,,2019/10/24,4.8,4.8,0.01,0.21%,4.76,4.82,164864,7905.35,0.07%,,,,,,,,,,,,,,,,,,,,,,,,,,,,,,,,,,,,,,,,,,,,,,,,,,,,
,,2019/10/25,4.8,4.85,0.05,1.04%,4.78,4.85,222086,10711.31,0.10%,,,,,,,,,,,,,,,,,,,,,,,,,,,,,,,,,,,,,,,,,,,,,,,,,,,,
,,2019/10/28,4.88,4.9,0.05,1.03%,4.85,4.92,295460,14439.22,0.13%,,,,,,,,,,,,,,,,,,,,,,,,,,,,,,,,,,,,,,,,,,,,,,,,,,,,
,,2019/10/29,4.9,4.83,-0.07,-1.43%,4.83,4.91,200114,9730.93,0.09%,,,,,,,,,,,,,,,,,,,,,,,,,,,,,,,,,,,,,,,,,,,,,,,,,,,,
,,2019/10/30,4.83,4.8,-0.03,-0.62%,4.79,4.84,165529,7962.21,0.07%,,,,,,,,,,,,,,,,,,,,,,,,,,,,,,,,,,,,,,,,,,,,,,,,,,,,
,,2019/10/31,4.81,4.79,-0.01,-0.21%,4.77,4.82,155661,7453.73,0.07%,,,,,,,,,,,,,,,,,,,,,,,,,,,,,,,,,,,,,,,,,,,,,,,,,,,,
,,2019/11/1,4.78,4.82,0.03,0.63%,4.77,4.83,210980,10136.41,0.09%,,,,,,,,,,,,,,,,,,,,,,,,,,,,,,,,,,,,,,,,,,,,,,,,,,,,
,,2019/11/4,4.84,4.81,-0.01,-0.21%,4.8,4.86,222094,10718.6,0.10%,,,,,,,,,,,,,,,,,,,,,,,,,,,,,,,,,,,,,,,,,,,,,,,,,,,,
,,2019/11/5,4.82,4.87,0.06,1.25%,4.79,4.91,468250,22782.69,0.21%,,,,,,,,,,,,,,,,,,,,,,,,,,,,,,,,,,,,,,,,,,,,,,,,,,,,
,,2019/11/6,4.87,4.84,-0.03,-0.62%,4.84,4.89,285167,13868.04,0.13%,,,,,,,,,,,,,,,,,,,,,,,,,,,,,,,,,,,,,,,,,,,,,,,,,,,,
,,2019/11/7,4.84,4.89,0.05,1.03%,4.83,4.9,328598,16002.99,0.15%,,,,,,,,,,,,,,,,,,,,,,,,,,,,,,,,,,,,,,,,,,,,,,,,,,,,
,,2019/11/8,4.92,4.82,-0.07,-1.43%,4.81,4.94,420178,20427.83,0.19%,,,,,,,,,,,,,,,,,,,,,,,,,,,,,,,,,,,,,,,,,,,,,,,,,,,,
,,2019/11/11,4.78,4.74,-0.08,-1.66%,4.72,4.82,344452,16462.98,0.15%,,,,,,,,,,,,,,,,,,,,,,,,,,,,,,,,,,,,,,,,,,,,,,,,,,,,
,,2019/11/12,4.74,4.76,0.02,0.42%,4.71,4.78,237227,11254.51,0.11%,,,,,,,,,,,,,,,,,,,,,,,,,,,,,,,,,,,,,,,,,,,,,,,,,,,,
,,2019/11/13,4.76,4.77,0.01,0.21%,4.72,4.77,209137,9931.34,0.09%,,,,,,,,,,,,,,,,,,,,,,,,,,,,,,,,,,,,,,,,,,,,,,,,,,,,
,,2019/11/14,4.77,4.74,-0.03,-0.63%,4.73,4.79,171007,8143.94,0.08%,,,,,,,,,,,,,,,,,,,,,,,,,,,,,,,,,,,,,,,,,,,,,,,,,,,,
,,2019/11/15,4.74,4.71,-0.03,-0.63%,4.7,4.77,175522,8310.33,0.08%,,,,,,,,,,,,,,,,,,,,,,,,,,,,,,,,,,,,,,,,,,,,,,,,,,,,
,,2019/11/18,4.7,4.74,0.03,0.64%,4.66,4.76,254983,12065.4,0.11%,,,,,,,,,,,,,,,,,,,,,,,,,,,,,,,,,,,,,,,,,,,,,,,,,,,,
,,2019/11/19,4.73,4.76,0.02,0.42%,4.72,4.77,210113,9968.51,0.09%,,,,,,,,,,,,,,,,,,,,,,,,,,,,,,,,,,,,,,,,,,,,,,,,,,,,
,,2019/11/20,4.74,4.7,-0.06,-1.26%,4.7,4.75,161967,7658.76,0.07%,,,,,,,,,,,,,,,,,,,,,,,,,,,,,,,,,,,,,,,,,,,,,,,,,,,,
,,2019/11/21,4.7,4.73,0.03,0.64%,4.69,4.73,151380,7131.76,0.07%,,,,,,,,,,,,,,,,,,,,,,,,,,,,,,,,,,,,,,,,,,,,,,,,,,,,
,,2019/11/22,4.71,4.71,-0.02,-0.42%,4.69,4.78,232809,11004.59,0.10%,,,,,,,,,,,,,,,,,,,,,,,,,,,,,,,,,,,,,,,,,,,,,,,,,,,,
,,2019/11/25,4.7,4.72,0.01,0.21%,4.68,4.73,200183,9424.67,0.09%,,,,,,,,,,,,,,,,,,,,,,,,,,,,,,,,,,,,,,,,,,,,,,,,,,,,
,,2019/11/26,4.72,4.8,0.08,1.69%,4.7,4.8,441887,21020.27,0.20%,,,,,,,,,,,,,,,,,,,,,,,,,,,,,,,,,,,,,,,,,,,,,,,,,,,,
,,2019/11/27,4.76,4.75,-0.05,-1.04%,4.72,4.78,183951,8737.01,0.08%,,,,,,,,,,,,,,,,,,,,,,,,,,,,,,,,,,,,,,,,,,,,,,,,,,,,
,,2019/11/28,4.73,4.74,-0.01,-0.21%,4.72,4.77,109876,5210.88,0.05%,,,,,,,,,,,,,,,,,,,,,,,,,,,,,,,,,,,,,,,,,,,,,,,,,,,,
,,2019/11/29,4.74,4.76,0.02,0.42%,4.73,4.79,176563,8402.52,0.08%,,,,,,,,,,,,,,,,,,,,,,,,,,,,,,,,,,,,,,,,,,,,,,,,,,,,
,,2019/12/2,4.81,4.77,0.01,0.21%,4.75,4.84,301586,14474.21,0.13%,,,,,,,,,,,,,,,,,,,,,,,,,,,,,,,,,,,,,,,,,,,,,,,,,,,,
,,2019/12/3,4.74,4.8,0.03,0.63%,4.73,4.8,238922,11391.54,0.11%,,,,,,,,,,,,,,,,,,,,,,,,,,,,,,,,,,,,,,,,,,,,,,,,,,,,
,,2019/12/4,4.78,4.8,0,0.00%,4.77,4.8,168982,8091.55,0.07%,,,,,,,,,,,,,,,,,,,,,,,,,,,,,,,,,,,,,,,,,,,,,,,,,,,,
,,2019/12/5,4.8,4.84,0.04,0.83%,4.79,4.85,335195,16186.18,0.15%,,,,,,,,,,,,,,,,,,,,,,,,,,,,,,,,,,,,,,,,,,,,,,,,,,,,
,,2019/12/6,4.85,4.85,0.01,0.21%,4.81,4.86,246329,11920.17,0.11%,,,,,,,,,,,,,,,,,,,,,,,,,,,,,,,,,,,,,,,,,,,,,,,,,,,,
,,2019/12/9,4.85,4.86,0.01,0.21%,4.83,4.87,238695,11592.79,0.11%,,,,,,,,,,,,,,,,,,,,,,,,,,,,,,,,,,,,,,,,,,,,,,,,,,,,
,,2019/12/10,4.85,4.84,-0.02,-0.41%,4.83,4.86,165229,8000.68,0.07%,,,,,,,,,,,,,,,,,,,,,,,,,,,,,,,,,,,,,,,,,,,,,,,,,,,,
,,2019/12/11,4.85,4.84,0,0.00%,4.81,4.88,267439,12944.83,0.12%,,,,,,,,,,,,,,,,,,,,,,,,,,,,,,,,,,,,,,,,,,,,,,,,,,,,
,,2019/12/12,4.84,4.79,-0.05,-1.03%,4.78,4.84,219326,10540.46,0.10%,,,,,,,,,,,,,,,,,,,,,,,,,,,,,,,,,,,,,,,,,,,,,,,,,,,,
,,2019/12/13,4.82,4.92,0.13,2.71%,4.82,4.97,1071422,52340.96,0.48%,,,,,,,,,,,,,,,,,,,,,,,,,,,,,,,,,,,,,,,,,,,,,,,,,,,,
,,2019/12/16,4.91,4.94,0.02,0.41%,4.87,4.97,801764,39419.67,0.36%,,,,,,,,,,,,,,,,,,,,,,,,,,,,,,,,,,,,,,,,,,,,,,,,,,,,
,,2019/12/17,4.94,5.06,0.12,2.43%,4.92,5.17,1446582,73154.35,0.64%,,,,,,,,,,,,,,,,,,,,,,,,,,,,,,,,,,,,,,,,,,,,,,,,,,,,
,,2019/12/18,5.03,5.07,0.01,0.20%,5.02,5.13,881129,44685.37,0.39%,,,,,,,,,,,,,,,,,,,,,,,,,,,,,,,,,,,,,,,,,,,,,,,,,,,,
,,2019/12/19,5.05,5.04,-0.03,-0.59%,5,5.07,553297,27848.12,0.25%,,,,,,,,,,,,,,,,,,,,,,,,,,,,,,,,,,,,,,,,,,,,,,,,,,,,
,,2019/12/20,5.03,5.06,0.02,0.40%,5.02,5.13,985105,50018.47,0.44%,,,,,,,,,,,,,,,,,,,,,,,,,,,,,,,,,,,,,,,,,,,,,,,,,,,,
,,2019/12/23,5.05,4.91,-0.15,-2.96%,4.89,5.09,774421,38737.4,0.34%,,,,,,,,,,,,,,,,,,,,,,,,,,,,,,,,,,,,,,,,,,,,,,,,,,,,
,,2019/12/24,4.92,4.95,0.04,0.81%,4.9,4.96,310733,15312.87,0.14%,,,,,,,,,,,,,,,,,,,,,,,,,,,,,,,,,,,,,,,,,,,,,,,,,,,,
,,2019/12/25,4.93,4.94,-0.01,-0.20%,4.91,4.99,387916,19179.28,0.17%,,,,,,,,,,,,,,,,,,,,,,,,,,,,,,,,,,,,,,,,,,,,,,,,,,,,
,,2019/12/26,4.95,5.01,0.07,1.42%,4.93,5.02,626689,31128.04,0.28%,,,,,,,,,,,,,,,,,,,,,,,,,,,,,,,,,,,,,,,,,,,,,,,,,,,,
,,2019/12/27,5,4.94,-0.07,-1.40%,4.92,5.07,796787,39829.43,0.35%,,,,,,,,,,,,,,,,,,,,,,,,,,,,,,,,,,,,,,,,,,,,,,,,,,,,
,,2019/12/30,4.93,5.14,0.2,4.05%,4.91,5.16,1563711,79537.88,0.69%,,,,,,,,,,,,,,,,,,,,,,,,,,,,,,,,,,,,,,,,,,,,,,,,,,,,
,,2019/12/31,5.12,5.12,-0.02,-0.39%,5.07,5.16,1000310,51199.55,0.44%,,,,,,,,,,,,,,,,,,,,,,,,,,,,,,,,,,,,,,,,,,,,,,,,,,,,
,,,,,,,,,,,,,,,,,,,,,,,,,,,,,,,,,,,,,,,,,,,,,,,,,,,,,,,,,,,,,,,
,,,,,,,,,,,,,,,,,,,,,,,,,,,,,,,,,,,,,,,,,,,,,,,,,,,,,,,,,,,,,,,
,,,,,,,,,,,,,,,,,,,,,,,,,,,,,,,,,,,,,,,,,,,,,,,,,,,,,,,,,,,,,,,
,,日期,开盘,收盘,涨跌额,涨跌幅,最低,最高,成交量(手),成交金额(万),换手率,,,,,,,,,,,,,,,,,,,,,,,,,,,,,,,,,,,,,,,,,,,,,,,,,,,,
,,2019/10/23,3.66,3.75,0.09,2.46%,3.62,3.84,4746760,176674.44,1.40%,,,,,,,,,,,,,,,,,,,,,,,,,,,,,,,,,,,,,,,,,,,,,,,,,,,,
,,2019/10/24,3.71,3.71,-0.04,-1.07%,3.69,3.75,2841404,105625.65,0.84%,,,,,,,,,,,,,,,,,,,,,,,,,,,,,,,,,,,,,,,,,,,,,,,,,,,,
,,2019/10/25,3.72,3.7,-0.01,-0.27%,3.65,3.72,2399926,88456.5,0.71%,,,,,,,,,,,,,,,,,,,,,,,,,,,,,,,,,,,,,,,,,,,,,,,,,,,,
,,2019/10/28,3.71,3.74,0.04,1.08%,3.69,3.74,3186204,118494.31,0.94%,,,,,,,,,,,,,,,,,,,,,,,,,,,,,,,,,,,,,,,,,,,,,,,,,,,,
,,2019/10/29,3.73,3.66,-0.08,-2.14%,3.65,3.73,2554806,94087.14,0.75%,,,,,,,,,,,,,,,,,,,,,,,,,,,,,,,,,,,,,,,,,,,,,,,,,,,,
,,2019/10/30,3.65,3.64,-0.02,-0.55%,3.6,3.66,2160268,78337.23,0.64%,,,,,,,,,,,,,,,,,,,,,,,,,,,,,,,,,,,,,,,,,,,,,,,,,,,,
,,2019/10/31,3.59,3.57,-0.07,-1.92%,3.54,3.59,3802808,135560.55,1.12%,,,,,,,,,,,,,,,,,,,,,,,,,,,,,,,,,,,,,,,,,,,,,,,,,,,,
,,2019/11/1,3.56,3.59,0.02,0.56%,3.54,3.61,2037926,73011.62,0.60%,,,,,,,,,,,,,,,,,,,,,,,,,,,,,,,,,,,,,,,,,,,,,,,,,,,,
,,2019/11/4,3.6,3.6,0.01,0.28%,3.59,3.64,2103383,75931.43,0.62%,,,,,,,,,,,,,,,,,,,,,,,,,,,,,,,,,,,,,,,,,,,,,,,,,,,,
,,2019/11/5,3.6,3.61,0.01,0.28%,3.56,3.62,2414226,86808.66,0.71%,,,,,,,,,,,,,,,,,,,,,,,,,,,,,,,,,,,,,,,,,,,,,,,,,,,,
,,2019/11/6,3.62,3.6,-0.01,-0.28%,3.59,3.63,2199983,79431.83,0.65%,,,,,,,,,,,,,,,,,,,,,,,,,,,,,,,,,,,,,,,,,,,,,,,,,,,,
,,2019/11/7,3.59,3.68,0.08,2.22%,3.58,3.68,4663752,170237.2,1.38%,,,,,,,,,,,,,,,,,,,,,,,,,,,,,,,,,,,,,,,,,,,,,,,,,,,,
,,2019/11/8,3.7,3.63,-0.05,-1.36%,3.63,3.71,2677707,97888.66,0.79%,,,,,,,,,,,,,,,,,,,,,,,,,,,,,,,,,,,,,,,,,,,,,,,,,,,,
,,2019/11/11,3.61,3.56,-0.07,-1.93%,3.55,3.61,2935350,104689.39,0.87%,,,,,,,,,,,,,,,,,,,,,,,,,,,,,,,,,,,,,,,,,,,,,,,,,,,,
,,2019/11/12,3.58,3.66,0.1,2.81%,3.58,3.66,4487384,162636.5,1.33%,,,,,,,,,,,,,,,,,,,,,,,,,,,,,,,,,,,,,,,,,,,,,,,,,,,,
,,2019/11/13,3.65,3.64,-0.02,-0.55%,3.61,3.66,2345922,85273.41,0.69%,,,,,,,,,,,,,,,,,,,,,,,,,,,,,,,,,,,,,,,,,,,,,,,,,,,,
,,2019/11/14,3.63,3.76,0.12,3.30%,3.62,3.79,8837144,330833.88,2.61%,,,,,,,,,,,,,,,,,,,,,,,,,,,,,,,,,,,,,,,,,,,,,,,,,,,,
,,2019/11/15,3.75,3.69,-0.07,-1.86%,3.68,3.8,5371237,200746.66,1.59%,,,,,,,,,,,,,,,,,,,,,,,,,,,,,,,,,,,,,,,,,,,,,,,,,,,,
,,2019/11/18,3.73,3.72,0.03,0.81%,3.69,3.78,4860197,181588.56,1.44%,,,,,,,,,,,,,,,,,,,,,,,,,,,,,,,,,,,,,,,,,,,,,,,,,,,,
,,2019/11/19,3.7,3.73,0.01,0.27%,3.66,3.74,3650471,134824.66,1.08%,,,,,,,,,,,,,,,,,,,,,,,,,,,,,,,,,,,,,,,,,,,,,,,,,,,,
,,2019/11/20,3.71,3.66,-0.07,-1.88%,3.65,3.72,2911604,107057.33,0.86%,,,,,,,,,,,,,,,,,,,,,,,,,,,,,,,,,,,,,,,,,,,,,,,,,,,,
,,2019/11/21,3.63,3.67,0.01,0.27%,3.62,3.7,2907924,106774.35,0.86%,,,,,,,,,,,,,,,,,,,,,,,,,,,,,,,,,,,,,,,,,,,,,,,,,,,,
,,2019/11/22,3.66,3.65,-0.02,-0.54%,3.63,3.72,3304662,121288.88,0.98%,,,,,,,,,,,,,,,,,,,,,,,,,,,,,,,,,,,,,,,,,,,,,,,,,,,,
,,2019/11/25,3.65,3.71,0.06,1.64%,3.61,3.72,4133553,152203,1.22%,,,,,,,,,,,,,,,,,,,,,,,,,,,,,,,,,,,,,,,,,,,,,,,,,,,,
,,2019/11/26,3.74,3.86,0.15,4.04%,3.74,3.95,12811643,494147.38,3.78%,,,,,,,,,,,,,,,,,,,,,,,,,,,,,,,,,,,,,,,,,,,,,,,,,,,,
,,2019/11/27,3.83,3.89,0.03,0.78%,3.81,3.91,6601092,255736.98,1.95%,,,,,,,,,,,,,,,,,,,,,,,,,,,,,,,,,,,,,,,,,,,,,,,,,,,,
,,2019/11/28,3.88,3.84,-0.05,-1.29%,3.83,3.94,4793226,186072.45,1.42%,,,,,,,,,,,,,,,,,,,,,,,,,,,,,,,,,,,,,,,,,,,,,,,,,,,,
,,2019/11/29,3.84,3.9,0.06,1.56%,3.84,3.95,6988086,272773.31,2.06%,,,,,,,,,,,,,,,,,,,,,,,,,,,,,,,,,,,,,,,,,,,,,,,,,,,,
,,2019/12/2,3.94,3.89,-0.01,-0.26%,3.87,3.95,4365314,170395.08,1.29%,,,,,,,,,,,,,,,,,,,,,,,,,,,,,,,,,,,,,,,,,,,,,,,,,,,,
,,2019/12/3,3.86,3.96,0.07,1.80%,3.85,3.96,7094610,278862.81,2.10%,,,,,,,,,,,,,,,,,,,,,,,,,,,,,,,,,,,,,,,,,,,,,,,,,,,,
,,2019/12/4,3.95,4.04,0.08,2.02%,3.93,4.11,11901622,481583.88,3.51%,,,,,,,,,,,,,,,,,,,,,,,,,,,,,,,,,,,,,,,,,,,,,,,,,,,,
,,2019/12/5,4.04,4.04,0,0.00%,3.99,4.08,7515706,303320.66,2.22%,,,,,,,,,,,,,,,,,,,,,,,,,,,,,,,,,,,,,,,,,,,,,,,,,,,,
,,2019/12/6,4.04,4.07,0.03,0.74%,4.03,4.12,6892644,281097.06,2.04%,,,,,,,,,,,,,,,,,,,,,,,,,,,,,,,,,,,,,,,,,,,,,,,,,,,,
,,2019/12/9,4.13,4.12,0.05,1.23%,4.08,4.17,9452986,390828.03,2.79%,,,,,,,,,,,,,,,,,,,,,,,,,,,,,,,,,,,,,,,,,,,,,,,,,,,,
,,2019/12/10,4.09,4.13,0.01,0.24%,4.04,4.13,7503044,306567,2.22%,,,,,,,,,,,,,,,,,,,,,,,,,,,,,,,,,,,,,,,,,,,,,,,,,,,,
,,2019/12/11,4.12,4,-0.13,-3.15%,3.98,4.12,8135561,328037.78,2.40%,,,,,,,,,,,,,,,,,,,,,,,,,,,,,,,,,,,,,,,,,,,,,,,,,,,,
,,2019/12/12,4.01,4.01,0.01,0.25%,3.99,4.06,5426402,218739.64,1.60%,,,,,,,,,,,,,,,,,,,,,,,,,,,,,,,,,,,,,,,,,,,,,,,,,,,,
,,2019/12/13,4.07,4.11,0.1,2.49%,4.03,4.13,8152888,333018.22,2.41%,,,,,,,,,,,,,,,,,,,,,,,,,,,,,,,,,,,,,,,,,,,,,,,,,,,,
,,2019/12/16,4.21,4.39,0.28,6.81%,4.21,4.44,17792634,772056.69,5.25%,,,,,,,,,,,,,,,,,,,,,,,,,,,,,,,,,,,,,,,,,,,,,,,,,,,,
,,2019/12/17,4.38,4.75,0.36,8.20%,4.35,4.83,24691042,1145603.12,7.29%,,,,,,,,,,,,,,,,,,,,,,,,,,,,,,,,,,,,,,,,,,,,,,,,,,,,
,,2019/12/18,4.75,4.66,-0.09,-1.89%,4.62,4.77,13299576,621877.62,3.93%,,,,,,,,,,,,,,,,,,,,,,,,,,,,,,,,,,,,,,,,,,,,,,,,,,,,
,,2019/12/19,4.69,4.69,0.03,0.64%,4.62,4.81,12833239,605535.88,3.79%,,,,,,,,,,,,,,,,,,,,,,,,,,,,,,,,,,,,,,,,,,,,,,,,,,,,
,,2019/12/20,4.71,4.68,-0.01,-0.21%,4.66,4.83,9419358,446735.72,2.78%,,,,,,,,,,,,,,,,,,,,,,,,,,,,,,,,,,,,,,,,,,,,,,,,,,,,
,,2019/12/23,4.76,4.56,-0.12,-2.56%,4.54,4.81,11865097,556048.31,3.50%,,,,,,,,,,,,,,,,,,,,,,,,,,,,,,,,,,,,,,,,,,,,,,,,,,,,
,,2019/12/24,4.6,4.7,0.14,3.07%,4.48,4.72,9582548,441073.5,2.83%,,,,,,,,,,,,,,,,,,,,,,,,,,,,,,,,,,,,,,,,,,,,,,,,,,,,
,,2019/12/25,4.67,4.74,0.04,0.85%,4.65,4.78,7946674,374022.81,2.35%,,,,,,,,,,,,,,,,,,,,,,,,,,,,,,,,,,,,,,,,,,,,,,,,,,,,
,,2019/12/26,4.78,4.83,0.09,1.90%,4.73,4.89,11781181,567016.12,3.48%,,,,,,,,,,,,,,,,,,,,,,,,,,,,,,,,,,,,,,,,,,,,,,,,,,,,
,,2019/12/27,4.85,4.64,-0.19,-3.93%,4.61,4.85,11744059,553580.38,3.47%,,,,,,,,,,,,,,,,,,,,,,,,,,,,,,,,,,,,,,,,,,,,,,,,,,,,
,,2019/12/30,4.56,4.56,-0.08,-1.72%,4.42,4.59,9668945,436678.31,2.86%,,,,,,,,,,,,,,,,,,,,,,,,,,,,,,,,,,,,,,,,,,,,,,,,,,,,
,,2019/12/31,4.56,4.54,-0.02,-0.44%,4.5,4.62,6249634,284363.72,1.85%,,,,,,,,,,,,,,,,,,,,,,,,,,,,,,,,,,,,,,,,,,,,,,,,,,,,
